topic,metric,metric_label,n_pairs,mean_ai,sd_ai,mean_expert,sd_expert,mean_diff_ai_minus_expert,paired_t_stat,paired_t_p,paired_t_sig,wilcoxon_stat,wilcoxon_p,wilcoxon_sig,cohen_dz_ai_minus_expert,not_tested_small_n,paired_t_p_adjust_bh_topic,wilcoxon_p_adjust_bh_topic
CNN,task_goal_clarity,Task Goal Clarity,3,3.55,0.3969,3.6222,0.4018,-0.0722,-0.3976,0.729343,ns,,,,-0.2296,False,0.8914192222222221,
CNN,key_support,Key Support,3,3.3333,0.4163,3.8,0.2,-0.4667,-1.6059,0.249521,ns,,,,-0.9272,False,0.68618275,
CNN,course_relevance,Course Relevance,3,3.4833,0.4481,3.5111,0.154,-0.0278,-0.1194,0.915856,ns,2.5,1.0,ns,-0.0689,False,0.9158559999999999,1.0
CNN,learning_help,Learning Help,3,3.45,0.2784,3.6889,0.3006,-0.2389,-1.2052,0.351382,ns,1.0,0.5,ns,-0.6958,False,0.7730404000000001,0.9
CNN,info_load,Information Load,3,3.4333,0.2082,3.2667,0.6429,0.1667,0.4927,0.671024,ns,2.0,0.75,ns,0.2844,False,0.8914192222222221,0.9
CNN,search_effort,Search Effort,3,3.0667,0.3055,2.9333,0.3055,0.1333,2.0,0.183503,ns,,,,1.1547,False,0.6728443333333334,
CNN,active_engagement,Active Engagement,3,3.7667,0.3786,3.8667,0.2309,-0.1,-0.4804,0.678366,ns,,,,-0.2774,False,0.8914192222222221,
CNN,mental_effort,Mental Effort,3,3.65,0.2179,3.6667,0.3055,-0.0167,-0.128,0.909833,ns,,,,-0.0739,False,0.9158559999999999,
CNN,item_mean_score,Overall Item Score,3,3.1792,0.2813,3.3278,0.2141,-0.1486,-3.4303,0.075488,ns,0.0,0.25,ns,-1.9805,False,0.6728443333333334,0.75
CNN,usability_mean_score,Usability Mean,3,3.4542,0.3011,3.6556,0.2002,-0.2014,-2.2935,0.148809,ns,0.0,0.25,ns,-1.3242,False,0.6728443333333334,0.75
CNN,cognitive_load_mean_score,Cognitive Load Mean,3,3.3833,0.2351,3.2889,0.3672,0.0944,0.5352,0.646082,ns,2.0,0.75,ns,0.309,False,0.8914192222222221,0.9
Optimization,task_goal_clarity,Task Goal Clarity,3,3.5778,0.2341,3.2,0.2,0.3778,17.0,0.003442,*,0.0,0.25,ns,9.815,False,0.037862,0.5833333333333334
Optimization,key_support,Key Support,3,3.4444,0.3151,3.2,0.2,0.2444,1.9757,0.186857,ns,,,,1.1406,False,0.51385675,
Optimization,course_relevance,Course Relevance,3,3.3778,0.0385,3.2167,0.0289,0.1611,4.1429,0.053621,ns,0.0,0.25,ns,2.3919,False,0.283679,0.5833333333333334
Optimization,learning_help,Learning Help,3,3.2,0.2,3.2,0.2,0.0,0.0,1.0,ns,,,,0.0,False,1.0,
Optimization,info_load,Information Load,3,3.4889,0.154,3.6,0.5292,-0.1111,-0.2826,0.804035,ns,3.0,1.0,ns,-0.1632,False,1.0,1.0
Optimization,search_effort,Search Effort,3,3.3556,0.2694,3.2833,0.1041,0.0722,0.3976,0.729343,ns,,,,0.2296,False,1.0,
Optimization,active_engagement,Active Engagement,3,3.4444,0.3151,3.2833,0.1041,0.1611,1.3223,0.317032,ns,,,,0.7634,False,0.6974703999999999,
Optimization,mental_effort,Mental Effort,3,3.6222,0.0385,3.6833,0.3884,-0.0611,-0.2487,0.826831,ns,3.0,1.0,ns,-0.1436,False,1.0,1.0
Optimization,item_mean_score,Overall Item Score,3,3.0722,0.1678,2.9417,0.052,0.1306,1.1038,0.384713,ns,1.0,0.5,ns,0.6373,False,0.7053071666666667,0.875
Optimization,usability_mean_score,Usability Mean,3,3.4,0.1803,3.2042,0.1252,0.1958,3.3831,0.077367,ns,0.0,0.25,ns,1.9533,False,0.283679,0.5833333333333334
Optimization,cognitive_load_mean_score,Cognitive Load Mean,3,3.4889,0.154,3.5222,0.3097,-0.0334,-0.1248,0.912124,ns,3.0,1.0,ns,-0.072,False,1.0,1.0
RNN,task_goal_clarity,Task Goal Clarity,5,3.5367,0.1685,3.5633,0.1583,-0.0267,-0.2188,0.837495,ns,7.0,1.0,ns,-0.0979,False,0.9212445,1.0
RNN,key_support,Key Support,5,3.4333,0.17,3.4333,0.2211,-0.0,-0.0,1.0,ns,6.5,0.9375,ns,-0.0,False,1.0,1.0
RNN,course_relevance,Course Relevance,5,3.3667,0.1106,3.4133,0.328,-0.0467,-0.2872,0.788213,ns,5.0,1.0,ns,-0.1284,False,0.9212445,1.0
RNN,learning_help,Learning Help,5,3.08,0.228,3.3467,0.2181,-0.2667,-1.807,0.14505,ns,0.0,0.25,ns,-0.8081,False,0.9212445,1.0
RNN,info_load,Information Load,5,3.5033,0.2647,3.57,0.3457,-0.0667,-0.249,0.815637,ns,3.5,0.75,ns,-0.1113,False,0.9212445,1.0
RNN,search_effort,Search Effort,5,3.4467,0.3015,3.2367,0.1529,0.21,1.0673,0.345956,ns,3.5,0.375,ns,0.4773,False,0.9212445,1.0
RNN,active_engagement,Active Engagement,5,3.3133,0.333,3.4733,0.1832,-0.16,-0.9498,0.395999,ns,1.5,0.75,ns,-0.4248,False,0.9212445,1.0
RNN,mental_effort,Mental Effort,5,3.7533,0.2329,3.67,0.2992,0.0833,0.3924,0.714806,ns,4.0,0.875,ns,0.1755,False,0.9212445,1.0
RNN,item_mean_score,Overall Item Score,5,3.0033,0.1775,3.0942,0.1497,-0.0908,-0.6566,0.547312,ns,7.0,1.0,ns,-0.2936,False,0.9212445,1.0
RNN,usability_mean_score,Usability Mean,5,3.3542,0.1228,3.4392,0.1648,-0.085,-0.7519,0.493922,ns,6.0,0.75,ns,-0.3363,False,0.9212445,1.0
RNN,cognitive_load_mean_score,Cognitive Load Mean,5,3.5678,0.24,3.4922,0.2395,0.0756,0.3755,0.726387,ns,7.0,1.0,ns,0.1679,False,0.9212445,1.0
Transformer,task_goal_clarity,Task Goal Clarity,2,3.8,0.0,3.4,0.0,0.4,,,,,,,,True,,
Transformer,key_support,Key Support,2,3.6,0.2828,3.2,0.2828,0.4,,,,,,,0.7071,True,,
Transformer,course_relevance,Course Relevance,2,3.7,0.1414,3.1,0.1414,0.6,,,,,,,2.1213,True,,
Transformer,learning_help,Learning Help,2,3.4,0.0,3.0,0.0,0.4,,,,,,,,True,,
Transformer,info_load,Information Load,2,3.7,0.1414,3.6,0.2828,0.1,,,,,,,0.7071,True,,
Transformer,search_effort,Search Effort,2,3.5,0.1414,3.7,0.4243,-0.2,,,,,,,-0.7071,True,,
Transformer,active_engagement,Active Engagement,2,3.8,0.0,3.3,0.1414,0.5,,,,,,,3.5355,True,,
Transformer,mental_effort,Mental Effort,2,4.0,0.2828,3.9,0.4243,0.1,,,,,,,0.7071,True,,
Transformer,item_mean_score,Overall Item Score,2,3.1375,0.1237,2.85,0.0707,0.2875,,,,,,,5.4212,True,,
Transformer,usability_mean_score,Usability Mean,2,3.625,0.1061,3.175,0.1061,0.45,,,,,,,2.1213,True,,
Transformer,cognitive_load_mean_score,Cognitive Load Mean,2,3.7333,0.1886,3.7333,0.3771,-0.0,,,,,,,-0.0001,True,,
